﻿<?xml version="1.0" encoding="utf-8"?>
<ImportExportXml version="9.2.23033.220" SolutionPackageVersion="9.2" languagecode="1033" generatedBy="CrmLive" xmlns:xsi="http://www.w3.org/2001/XMLSchema-instance">
  <SolutionManifest>
    <UniqueName>msdyn_InventoryVisibilityBase</UniqueName>
    <LocalizedNames>
      <LocalizedName description="Dynamics 365 Inventory Visibility - Base" languagecode="1033" />
    </LocalizedNames>
    <Descriptions>
      <Description description="Base Solution for Dynamics 365 Finance and Operation SCM Inventory Visibility, including Entities, Option Sets and other attributes." languagecode="1033" />
    </Descriptions>
    <Version>1.2.2.15</Version>
    <Managed>1</Managed>
    <Publisher>
      <UniqueName>microsoftdynamics</UniqueName>
      <LocalizedNames>
        <LocalizedName description="Dynamics 365" languagecode="1033" />
      </LocalizedNames>
      <Descriptions>
        <Description description="Dynamics 365" languagecode="1033" />
      </Descriptions>
      <EMailAddress xsi:nil="true"></EMailAddress>
      <SupportingWebsiteUrl>http://crm.dynamics.com</SupportingWebsiteUrl>
      <CustomizationPrefix>msdyn</CustomizationPrefix>
      <CustomizationOptionValuePrefix>70061</CustomizationOptionValuePrefix>
      <Addresses>
        <Address>
          <AddressNumber>1</AddressNumber>
          <AddressTypeCode xsi:nil="true"></AddressTypeCode>
          <City xsi:nil="true"></City>
          <County xsi:nil="true"></County>
          <Country xsi:nil="true"></Country>
          <Fax xsi:nil="true"></Fax>
          <FreightTermsCode xsi:nil="true"></FreightTermsCode>
          <ImportSequenceNumber xsi:nil="true"></ImportSequenceNumber>
          <Latitude xsi:nil="true"></Latitude>
          <Line1 xsi:nil="true"></Line1>
          <Line2 xsi:nil="true"></Line2>
          <Line3 xsi:nil="true"></Line3>
          <Longitude xsi:nil="true"></Longitude>
          <Name xsi:nil="true"></Name>
          <PostalCode xsi:nil="true"></PostalCode>
          <PostOfficeBox xsi:nil="true"></PostOfficeBox>
          <PrimaryContactName xsi:nil="true"></PrimaryContactName>
          <ShippingMethodCode xsi:nil="true"></ShippingMethodCode>
          <StateOrProvince xsi:nil="true"></StateOrProvince>
          <Telephone1 xsi:nil="true"></Telephone1>
          <Telephone2 xsi:nil="true"></Telephone2>
          <Telephone3 xsi:nil="true"></Telephone3>
          <TimeZoneRuleVersionNumber xsi:nil="true"></TimeZoneRuleVersionNumber>
          <UPSZone xsi:nil="true"></UPSZone>
          <UTCOffset xsi:nil="true"></UTCOffset>
          <UTCConversionTimeZoneCode xsi:nil="true"></UTCConversionTimeZoneCode>
        </Address>
        <Address>
          <AddressNumber>2</AddressNumber>
          <AddressTypeCode xsi:nil="true"></AddressTypeCode>
          <City xsi:nil="true"></City>
          <County xsi:nil="true"></County>
          <Country xsi:nil="true"></Country>
          <Fax xsi:nil="true"></Fax>
          <FreightTermsCode xsi:nil="true"></FreightTermsCode>
          <ImportSequenceNumber xsi:nil="true"></ImportSequenceNumber>
          <Latitude xsi:nil="true"></Latitude>
          <Line1 xsi:nil="true"></Line1>
          <Line2 xsi:nil="true"></Line2>
          <Line3 xsi:nil="true"></Line3>
          <Longitude xsi:nil="true"></Longitude>
          <Name xsi:nil="true"></Name>
          <PostalCode xsi:nil="true"></PostalCode>
          <PostOfficeBox xsi:nil="true"></PostOfficeBox>
          <PrimaryContactName xsi:nil="true"></PrimaryContactName>
          <ShippingMethodCode xsi:nil="true"></ShippingMethodCode>
          <StateOrProvince xsi:nil="true"></StateOrProvince>
          <Telephone1 xsi:nil="true"></Telephone1>
          <Telephone2 xsi:nil="true"></Telephone2>
          <Telephone3 xsi:nil="true"></Telephone3>
          <TimeZoneRuleVersionNumber xsi:nil="true"></TimeZoneRuleVersionNumber>
          <UPSZone xsi:nil="true"></UPSZone>
          <UTCOffset xsi:nil="true"></UTCOffset>
          <UTCConversionTimeZoneCode xsi:nil="true"></UTCConversionTimeZoneCode>
        </Address>
      </Addresses>
    </Publisher>
    <RootComponents>
      <RootComponent type="1" schemaName="is_allocation" behavior="0" />
      <RootComponent type="1" schemaName="is_allocationfeaturesetting" behavior="0" />
      <RootComponent type="1" schemaName="is_allocationgroupv2" behavior="0" />
      <RootComponent type="1" schemaName="is_calculatedmeasure" behavior="0" />
      <RootComponent type="1" schemaName="is_calculatedmeasuredetailv2" behavior="0" />
      <RootComponent type="1" schemaName="is_calculatedmeasuremetadatav2" behavior="0" />
      <RootComponent type="1" schemaName="is_dimensionmapping" behavior="0" />
      <RootComponent type="1" schemaName="is_distinctvalue" behavior="0" />
      <RootComponent type="1" schemaName="is_entityversion" behavior="0" />
      <RootComponent type="1" schemaName="is_featureswitch" behavior="0" />
      <RootComponent type="1" schemaName="is_inventonhandsum" behavior="0" />
      <RootComponent type="1" schemaName="is_inventorysummaryfeaturesettings" behavior="0" />
      <RootComponent type="1" schemaName="is_inventorysystemconfig" behavior="0" />
      <RootComponent type="1" schemaName="is_logevent" behavior="0" />
      <RootComponent type="1" schemaName="is_onhandconfiguration" behavior="0" />
      <RootComponent type="1" schemaName="is_onhandindexconfig" behavior="0" />
      <RootComponent type="1" schemaName="is_onhandindexquerypreload" behavior="0" />
      <RootComponent type="1" schemaName="is_onhandindexquerypreloadconfiguration" behavior="0" />
      <RootComponent type="1" schemaName="is_onhandreservconfig" behavior="0" />
      <RootComponent type="1" schemaName="is_onhandschedule" behavior="0" />
      <RootComponent type="1" schemaName="is_onhandschedulecommonconfig" behavior="0" />
      <RootComponent type="1" schemaName="is_onhandscheduleconfig" behavior="0" />
      <RootComponent type="1" schemaName="is_onhandscheduleconfigv2" behavior="0" />
      <RootComponent type="1" schemaName="is_onhandscheduleindexconfig" behavior="0" />
      <RootComponent type="1" schemaName="is_partitionlock" behavior="0" />
      <RootComponent type="1" schemaName="is_physicalmeasure" behavior="0" />
      <RootComponent type="1" schemaName="is_physicalmeasurev2" behavior="0" />
      <RootComponent type="1" schemaName="is_preloadfeaturesettings" behavior="0" />
      <RootComponent type="1" schemaName="is_reservation" behavior="0" />
      <RootComponent type="1" schemaName="is_reservevent" behavior="0" />
      <RootComponent type="1" schemaName="is_reservmapping" behavior="0" />
      <RootComponent type="1" schemaName="is_reservmappingv2" behavior="0" />
      <RootComponent type="1" schemaName="is_schedulefeaturesettings" behavior="0" />
      <RootComponent type="1" schemaName="is_serviceconfiguration" behavior="0" />
      <RootComponent type="1" schemaName="is_servicesetting" behavior="0" />
      <RootComponent type="1" schemaName="is_snapshot" behavior="0" />
      <RootComponent type="1" schemaName="is_snapshotmetadata" behavior="0" />
      <RootComponent type="1" schemaName="is_softreservationfeaturesettings" behavior="0" />
      <RootComponent type="1" schemaName="is_whsfeaturesettings" behavior="0" />
      <RootComponent type="9" schemaName="is_basedimensions" behavior="0" />
      <RootComponent type="9" schemaName="is_logeventtype" behavior="0" />
      <RootComponent type="9" schemaName="is_modifiertype" behavior="0" />
      <RootComponent type="20" id="{4a55705d-5fb2-483c-9881-8faa64b31be1}" behavior="0" />
      <RootComponent type="61" schemaName="msdyn_InventoryVisibilityFormScript" behavior="0" />
    </RootComponents>
    <MissingDependencies>
      <MissingDependency>
        <Required type="181" schemaName="NonRelational Data Provider" displayName="NonRelational Data Provider" solution="NonRelationalDataProvider (9.0.0.1095)" id="{1d9bde74-9ebd-4da9-8ff5-aa74945b9f74}" />
        <Dependent type="1" schemaName="is_allocation" displayName="Allocation" />
      </MissingDependency>
      <MissingDependency>
        <Required type="181" schemaName="NonRelational Data Provider" displayName="NonRelational Data Provider" solution="NonRelationalDataProvider (9.0.0.1095)" id="{1d9bde74-9ebd-4da9-8ff5-aa74945b9f74}" />
        <Dependent type="1" schemaName="is_logevent" displayName="Log Event" />
      </MissingDependency>
      <MissingDependency>
        <Required type="181" schemaName="NonRelational Data Provider" displayName="NonRelational Data Provider" solution="NonRelationalDataProvider (9.0.0.1095)" id="{1d9bde74-9ebd-4da9-8ff5-aa74945b9f74}" />
        <Dependent type="1" schemaName="is_onhandschedule" displayName="On-hand Schedule" />
      </MissingDependency>
      <MissingDependency>
        <Required type="181" schemaName="NonRelational Data Provider" displayName="NonRelational Data Provider" solution="NonRelationalDataProvider (9.0.0.1095)" id="{1d9bde74-9ebd-4da9-8ff5-aa74945b9f74}" />
        <Dependent type="1" schemaName="is_partitionlock" displayName="Partition Lock" />
      </MissingDependency>
      <MissingDependency>
        <Required type="181" schemaName="NonRelational Data Provider" displayName="NonRelational Data Provider" solution="NonRelationalDataProvider (9.0.0.1095)" id="{1d9bde74-9ebd-4da9-8ff5-aa74945b9f74}" />
        <Dependent type="1" schemaName="is_reservation" displayName="Reservation" />
      </MissingDependency>
      <MissingDependency>
        <Required type="181" schemaName="NonRelational Data Provider" displayName="NonRelational Data Provider" solution="NonRelationalDataProvider (9.0.0.1095)" id="{1d9bde74-9ebd-4da9-8ff5-aa74945b9f74}" />
        <Dependent type="1" schemaName="is_reservevent" displayName="Reservation Event" />
      </MissingDependency>
      <MissingDependency>
        <Required type="181" schemaName="NonRelational Data Provider" displayName="NonRelational Data Provider" solution="NonRelationalDataProvider (9.0.0.1095)" id="{1d9bde74-9ebd-4da9-8ff5-aa74945b9f74}" />
        <Dependent type="1" schemaName="is_serviceconfiguration" displayName="Service Configuration" />
      </MissingDependency>
      <MissingDependency>
        <Required type="181" schemaName="NonRelational Data Provider" displayName="NonRelational Data Provider" solution="NonRelationalDataProvider (9.0.0.1095)" id="{1d9bde74-9ebd-4da9-8ff5-aa74945b9f74}" />
        <Dependent type="1" schemaName="is_snapshotmetadata" displayName="Snapshot Metadata" />
      </MissingDependency>
    </MissingDependencies>
  </SolutionManifest>
</ImportExportXml>